mismatch_var,mismatch_label,utfall,utfall_label,indikator_type,indikator_type_label,r_pearson,p_pearson,r_spearman,p_spearman,n
mismatch_indeks,Jackman–Roper mismatch-indeks,jobb3,Jobb 3 mnd,faktisk,Faktisk,0.229,0.3318,0.406,0.0754,20
mismatch_indeks,Jackman–Roper mismatch-indeks,jobb3,Jobb 3 mnd,indikator,Indikator (avvik),0.281,0.2303,0.36,0.1193,20
mismatch_indeks,Jackman–Roper mismatch-indeks,jobb12,Jobb 12 mnd,faktisk,Faktisk,0.284,0.2689,0.288,0.262,17
mismatch_indeks,Jackman–Roper mismatch-indeks,jobb12,Jobb 12 mnd,indikator,Indikator (avvik),0.306,0.2325,0.395,0.117,17
mismatch_indeks,Jackman–Roper mismatch-indeks,atid3,Arbeidstid 3 mnd,faktisk,Faktisk,0.235,0.3183,0.436,0.0546,20
mismatch_indeks,Jackman–Roper mismatch-indeks,atid3,Arbeidstid 3 mnd,indikator,Indikator (avvik),0.214,0.3639,0.342,0.1397,20
mismatch_indeks,Jackman–Roper mismatch-indeks,atid12,Arbeidstid 12 mnd,faktisk,Faktisk,0.297,0.2469,0.499,0.0414,17
mismatch_indeks,Jackman–Roper mismatch-indeks,atid12,Arbeidstid 12 mnd,indikator,Indikator (avvik),0.293,0.2535,0.311,0.2239,17
mismatch_indeks_cd_30,Cobb–Douglas (α=0.3),jobb3,Jobb 3 mnd,faktisk,Faktisk,0.311,0.182,0.496,0.0262,20
mismatch_indeks_cd_30,Cobb–Douglas (α=0.3),jobb3,Jobb 3 mnd,indikator,Indikator (avvik),0.374,0.1039,0.382,0.0964,20
mismatch_indeks_cd_30,Cobb–Douglas (α=0.3),jobb12,Jobb 12 mnd,faktisk,Faktisk,0.36,0.1563,0.456,0.0658,17
mismatch_indeks_cd_30,Cobb–Douglas (α=0.3),jobb12,Jobb 12 mnd,indikator,Indikator (avvik),0.408,0.1036,0.57,0.0169,17
mismatch_indeks_cd_30,Cobb–Douglas (α=0.3),atid3,Arbeidstid 3 mnd,faktisk,Faktisk,0.312,0.1806,0.565,0.0095,20
mismatch_indeks_cd_30,Cobb–Douglas (α=0.3),atid3,Arbeidstid 3 mnd,indikator,Indikator (avvik),0.324,0.1628,0.352,0.1282,20
mismatch_indeks_cd_30,Cobb–Douglas (α=0.3),atid12,Arbeidstid 12 mnd,faktisk,Faktisk,0.405,0.1065,0.644,0.0053,17
mismatch_indeks_cd_30,Cobb–Douglas (α=0.3),atid12,Arbeidstid 12 mnd,indikator,Indikator (avvik),0.461,0.0626,0.528,0.0293,17
mismatch_indeks_cd_50,Cobb–Douglas (α=0.5),jobb3,Jobb 3 mnd,faktisk,Faktisk,0.338,0.1455,0.489,0.0288,20
mismatch_indeks_cd_50,Cobb–Douglas (α=0.5),jobb3,Jobb 3 mnd,indikator,Indikator (avvik),0.407,0.0751,0.385,0.0935,20
mismatch_indeks_cd_50,Cobb–Douglas (α=0.5),jobb12,Jobb 12 mnd,faktisk,Faktisk,0.36,0.1552,0.446,0.0725,17
mismatch_indeks_cd_50,Cobb–Douglas (α=0.5),jobb12,Jobb 12 mnd,indikator,Indikator (avvik),0.416,0.0971,0.583,0.014,17
mismatch_indeks_cd_50,Cobb–Douglas (α=0.5),atid3,Arbeidstid 3 mnd,faktisk,Faktisk,0.337,0.1462,0.558,0.0106,20
mismatch_indeks_cd_50,Cobb–Douglas (α=0.5),atid3,Arbeidstid 3 mnd,indikator,Indikator (avvik),0.358,0.1209,0.354,0.1259,20
mismatch_indeks_cd_50,Cobb–Douglas (α=0.5),atid12,Arbeidstid 12 mnd,faktisk,Faktisk,0.412,0.1005,0.632,0.0065,17
mismatch_indeks_cd_50,Cobb–Douglas (α=0.5),atid12,Arbeidstid 12 mnd,indikator,Indikator (avvik),0.477,0.0531,0.537,0.0263,17
mismatch_indeks_cd_70,Cobb–Douglas (α=0.7),jobb3,Jobb 3 mnd,faktisk,Faktisk,0.355,0.1244,0.509,0.0219,20
mismatch_indeks_cd_70,Cobb–Douglas (α=0.7),jobb3,Jobb 3 mnd,indikator,Indikator (avvik),0.428,0.0597,0.425,0.0615,20
mismatch_indeks_cd_70,Cobb–Douglas (α=0.7),jobb12,Jobb 12 mnd,faktisk,Faktisk,0.357,0.1595,0.45,0.0697,17
mismatch_indeks_cd_70,Cobb–Douglas (α=0.7),jobb12,Jobb 12 mnd,indikator,Indikator (avvik),0.418,0.0953,0.613,0.0089,17
mismatch_indeks_cd_70,Cobb–Douglas (α=0.7),atid3,Arbeidstid 3 mnd,faktisk,Faktisk,0.354,0.1261,0.576,0.0079,20
mismatch_indeks_cd_70,Cobb–Douglas (α=0.7),atid3,Arbeidstid 3 mnd,indikator,Indikator (avvik),0.381,0.097,0.39,0.0896,20
mismatch_indeks_cd_70,Cobb–Douglas (α=0.7),atid12,Arbeidstid 12 mnd,faktisk,Faktisk,0.413,0.0993,0.637,0.006,17
mismatch_indeks_cd_70,Cobb–Douglas (α=0.7),atid12,Arbeidstid 12 mnd,indikator,Indikator (avvik),0.486,0.0478,0.564,0.0183,17
stramhetsindikator,Aggregert stramhetsindikator,jobb3,Jobb 3 mnd,faktisk,Faktisk,-0.445,0.0496,-0.483,0.031,20
stramhetsindikator,Aggregert stramhetsindikator,jobb3,Jobb 3 mnd,indikator,Indikator (avvik),-0.215,0.3627,-0.134,0.5735,20
stramhetsindikator,Aggregert stramhetsindikator,jobb12,Jobb 12 mnd,faktisk,Faktisk,-0.743,0.0006,-0.715,0.0013,17
stramhetsindikator,Aggregert stramhetsindikator,jobb12,Jobb 12 mnd,indikator,Indikator (avvik),-0.668,0.0034,-0.441,0.0763,17
stramhetsindikator,Aggregert stramhetsindikator,atid3,Arbeidstid 3 mnd,faktisk,Faktisk,-0.487,0.0294,-0.546,0.0128,20
stramhetsindikator,Aggregert stramhetsindikator,atid3,Arbeidstid 3 mnd,indikator,Indikator (avvik),-0.249,0.2898,-0.274,0.2428,20
stramhetsindikator,Aggregert stramhetsindikator,atid12,Arbeidstid 12 mnd,faktisk,Faktisk,-0.693,0.002,-0.667,0.0034,17
stramhetsindikator,Aggregert stramhetsindikator,atid12,Arbeidstid 12 mnd,indikator,Indikator (avvik),-0.531,0.0282,-0.483,0.0496,17
