kvartal,total_stillinger,total_sysselsatte,mismatch_indeks,mismatch_indeks_cd_30,mismatch_indeks_cd_50,mismatch_indeks_cd_70,stramhetsratio,stramhetsindikator,antall_naeringer
2010K1,58900,2472000,0.1828,0.0232,0.0273,0.0228,0.023827,0.023272,18
2010K2,60800,2507000,0.1571,0.0184,0.0219,0.0186,0.024252,0.023678,18
2010K3,65600,2504000,0.1444,0.0176,0.021,0.0177,0.026198,0.025529,18
2010K4,62800,2503000,0.18,0.0226,0.027,0.023,0.02509,0.024476,18
2011K1,66900,2506000,0.1813,0.0221,0.0267,0.0229,0.026696,0.026002,18
2011K2,70600,2539000,0.1887,0.0264,0.0318,0.0273,0.027806,0.027054,18
2011K3,70200,2554000,0.1522,0.0209,0.0258,0.0226,0.027486,0.026751,18
2011K4,69700,2556000,0.1714,0.0223,0.0272,0.0236,0.027269,0.026545,18
2012K1,67000,2558000,0.1455,0.0215,0.0265,0.0232,0.026192,0.025524,18
2012K2,64500,2585000,0.1767,0.0261,0.0313,0.0268,0.024952,0.024344,18
2012K3,63500,2591000,0.1632,0.0249,0.0302,0.0262,0.024508,0.023922,18
2012K4,65600,2581000,0.1606,0.0264,0.0324,0.0283,0.025417,0.024787,18
2013K1,65200,2569000,0.171,0.0238,0.029,0.0252,0.02538,0.024751,18
2013K2,66900,2595000,0.1522,0.0201,0.0243,0.0208,0.02578,0.025132,18
2013K3,61600,2609000,0.1865,0.0239,0.029,0.0249,0.023611,0.023066,18
2013K4,57500,2602000,0.1489,0.0178,0.0218,0.0189,0.022098,0.021621,18
2014K1,58900,2584000,0.1809,0.0236,0.0285,0.0243,0.022794,0.022286,18
2014K2,58700,2635000,0.1849,0.0262,0.032,0.0278,0.022277,0.021792,18
2014K3,57000,2622000,0.2005,0.026,0.0317,0.0275,0.021739,0.021277,18
2014K4,60100,2622000,0.2514,0.0359,0.0433,0.037,0.022921,0.022408,18
2015K1,57800,2614000,0.2303,0.0301,0.0356,0.0299,0.022112,0.021633,18
2015K2,56200,2654000,0.1879,0.0225,0.0263,0.0217,0.021176,0.020736,18
2015K3,52300,2639000,0.2052,0.0265,0.0309,0.0256,0.019818,0.019433,18
2015K4,50600,2627000,0.1841,0.0214,0.0252,0.0211,0.019262,0.018898,18
2016K1,52300,2617000,0.2037,0.0261,0.0305,0.0253,0.019985,0.019593,18
2016K2,50800,2636000,0.193,0.0248,0.0287,0.0235,0.019272,0.018907,18
2016K3,55200,2641000,0.2161,0.0291,0.0335,0.0275,0.020901,0.020473,18
2016K4,55000,2620000,0.1813,0.0204,0.0242,0.0202,0.020992,0.020561,18
2017K1,55100,2612000,0.1351,0.0152,0.0179,0.015,0.021095,0.020659,18
2017K2,58700,2653000,0.1742,0.0185,0.0217,0.0181,0.022126,0.021647,18
2017K3,60300,2651000,0.1521,0.0134,0.0159,0.0133,0.022746,0.02224,18
2017K4,65100,2647000,0.1526,0.0148,0.0173,0.0144,0.024594,0.024004,18
2018K1,64800,2657000,0.1446,0.0128,0.0153,0.0128,0.024388,0.023808,18
2018K2,68100,2698000,0.148,0.014,0.0167,0.0141,0.025241,0.02462,18
2018K3,72400,2714000,0.155,0.0156,0.0183,0.0153,0.026676,0.025983,18
2018K4,66600,2704000,0.1357,0.0116,0.0138,0.0116,0.02463,0.024038,18
2019K1,71300,2689000,0.138,0.0124,0.015,0.0129,0.026515,0.025831,18
2019K2,76000,2710000,0.1079,0.0102,0.0121,0.0101,0.028044,0.027279,18
2019K3,70300,2749000,0.1337,0.0117,0.0141,0.012,0.025573,0.024935,18
2019K4,72000,2727000,0.124,0.0097,0.0117,0.0099,0.026403,0.025723,18
2020K1,67200,2721000,0.1423,0.0119,0.0141,0.0118,0.024697,0.024102,18
2020K2,53500,2691000,0.1549,0.0175,0.0202,0.0165,0.019881,0.019494,18
2020K3,64100,2703000,0.1493,0.0166,0.0193,0.0158,0.023714,0.023165,18
2020K4,66900,2703000,0.1444,0.0129,0.0151,0.0125,0.02475,0.024152,18
2021K1,69600,2694000,0.1631,0.0162,0.0191,0.0159,0.025835,0.025185,18
2021K2,92500,2759000,0.1413,0.0149,0.018,0.0153,0.033527,0.032439,18
2021K3,99100,2795000,0.1159,0.0104,0.0125,0.0106,0.035456,0.034242,18
2021K4,98600,2800000,0.1196,0.0123,0.0147,0.0125,0.035214,0.034016,18
2022K1,96900,2813000,0.1458,0.0153,0.0185,0.0158,0.034447,0.0333,18
2022K2,108200,2854000,0.1508,0.0146,0.0175,0.0149,0.037912,0.036527,18
2022K3,103400,2848000,0.1401,0.0133,0.0161,0.0137,0.036306,0.035034,18
2022K4,123600,2831000,0.1639,0.018,0.0215,0.0182,0.043659,0.041833,18
2023K1,123000,2818000,0.1456,0.0131,0.0156,0.0131,0.043648,0.041823,18
2023K2,118300,2873000,0.1183,0.0098,0.0115,0.0095,0.041176,0.039548,18
2023K3,118700,2886000,0.1316,0.0111,0.0133,0.0112,0.04113,0.039505,18
2023K4,112500,2862000,0.1076,0.0075,0.009,0.0076,0.039308,0.037821,18
2024K1,109500,2844000,0.1301,0.0116,0.0135,0.0111,0.038502,0.037075,18
2024K2,99500,2878000,0.132,0.0111,0.013,0.0108,0.034573,0.033417,18
2024K3,101900,2892000,0.1318,0.0111,0.0128,0.0104,0.035235,0.034036,18
2024K4,91700,2883000,0.1142,0.0103,0.0119,0.0098,0.031807,0.030827,18
2025K1,95200,2863000,0.1457,0.0163,0.0191,0.0159,0.033252,0.032182,18
2025K2,87400,2896000,0.1344,0.0132,0.0156,0.013,0.03018,0.029295,18
2025K3,90100,2886000,0.1307,0.0128,0.0148,0.0122,0.03122,0.030275,18
2025K4,84800,2886000,0.145,0.0145,0.0169,0.014,0.029383,0.028544,18
2026K1,94900,2872000,0.1739,0.019,0.0222,0.0184,0.033043,0.031986,18
